"","1A34.A_STMV_Virtovirus","1AUY.A_TYMV_Tymoviridae","1AYM.1_HRV16_Picornaviridae","1B35.A_CRPV_Dicistroviridae","1BBT.1_FMDV_Picornaviridae","1C8N.C_TNV_Tombusviridae","1DNV.A_GmDV_Parvoviridae","1DZL.A_HPV16_Papillomaviridae","1GFF.1_G4_Microviridae","1GMM.A_CBM6_R.thermocellum","1IHM.A_NV_Caliciviridae","1J83.A_CBM17_C.cellulovorans","1JH5.A_TNF_H.sapiens","1JS9.C_BMV_Bromoviridae","1K5J.B_NP_X.laevis","1LP3.A_AAV2_Parvoviridae","1M06.F_alpha3_Microviridae","1MVM.A_MVM_Parvoviridae","1NLQ.A_NP_D.melanogaster","1NOV.C_NOV_Nodaviridae","1NQD.A_CoBD_H.histolytica","1NY7.1_CPMV_Secoviridae","1OHF.A_NomegaV_Alphatetraviridae","1P8J.A_Furin_M.musculus","1PGL.1_BPMV_Secoviridae","1QJZ.B_PhMV_Tymoviridae","1R64.A_Kex2_S.cerevisiae","1SID.B_MuPV_Polyomaviridae","1STM.A_SPMV_Papanivirus","1SVA.1_SV40_Polyomaviridae","1U5Y.A_TNF_M.musculus","1VJ2.A_Cupin_T.maritima","1WCD.J_IBDV_Birnaviridae","1XB9.A_NP_X.laevis","1ZA7.A_CCMV_Bromoviridae","2ARC.A_AraC_E.coli","2BBV.C_BBV_Nodaviridae","2BPA.1_phiX174_Microviridae","2BUK.A_STNV_Albetovirus","2CDO.A_CBM6_S.degradans","2HEY.F_TNF_H.sapiens","2IZW.C_RGMoV_Sobemoviridae","2OZJ.A_Cupin_D.hafniense","2P17.A_Pirin_G.kaustophilus","2QE3.A_TNF_H.sapiens","2QQP.A_PrV_Carmotetraviridae","2R5I.A_HPV18_Papillomaviridae","2R6Q.A_BclA_B.anthracis","2TBV.C_TBSV_Tombusviridae","2TNF.A_TNF_M.musculus","2V72.A_CBM32_C.perfringens","2VTX.B_NP_X.laevis","2W3J.A_CBM35_bacterium","2W47.A_CBM35_C.thermocellum","2WQ4.A_BclA_B.cenocepacia","2ZEW.B_CBM16_C.polysaccharolyticus","3AFG.B_TkSP_T.kodakarensis","3FJS.A_Cupin_C.pinatubonensis","3HAG.A_HEV_Hepeviridae","3IDE.A_IPNV_Birnaviridae","3IYJ.A_BPV1_Papillomaviridae","3M8L.A_FCV_Caliciviridae","3N35.A_Lectin_E.corallodendron","3NAP.A_TrV_Dicistroviridae","3NXD.C_JCV_Polyomaviridae","3R0R.A_PCV2_Circoviridae","3S6P.A_HASV_Alphatetraviridae","3URF.A_TNF_H.sapiens","3ZMN.A_P23.77_Sphaerolipoviridae","3ZMO.A_P23.77_Sphaerolipoviridae","4A42.A_CBM32_C.perfringens","4CRR.A_CBM6_Z.galactanivorans.5FUI.A.","4D3L.A_CBM77_R.flavefaciens","4MGU.A_AdDNV_Parvoviridae","4OUS.A_Caprin_D.rerio","4SBV.C_SBMV_Sobemoviridae","4WV8.A_Lectin_V.macrocarpa","5IBV.A_HAstV_Astroviridae","5J09.A_BFDV_Circoviridae","5J98.A_SBPV_Iflaviridae"
"1A34:A_STMV_Virtovirus",3883.24737,3122.47232,2589.344455,2656.774512,2866.681309,2613.582181,0,0,0,3030.748625,0,3060.244471,3130.011047,3004.266939,2999.542732,0,0,0,2797.742045,2175.156315,3022.62672,3114.226285,0,0,3199.146719,3116.50604,0,2135.339946,3190.809248,2291.973768,3186.893051,2980.712318,0,2869.241176,3108.436762,2968.430404,2205.543489,0,3005.700549,3298.878955,3190.456753,2894.502996,2947.741676,2655.987257,3158.749503,0,0,3152.823595,2166.718696,3177.882879,3155.676208,2965.911972,3044.879878,3075.68157,3087.695997,3162.10554,0,2939.007105,0,0,0,0,2758.601152,2576.996236,2720.763669,2912.382588,0,3230.455044,2648.741962,2970.05722,3181.914911,3094.782559,3028.746902,0,3107.45097,2718.785053,2770.086448,2219.638011,2834.416717,2695.402024
"1AUY:A_TYMV_Tymoviridae",3122.401527,4219.210414,2953.440802,2981.393523,3179.767092,3025.626556,2056.223097,0,1918.108279,2826.935627,0,3064.606395,2902.530927,3165.404996,2850.178343,0,1878.300385,0,2686.858897,2469.109399,2849.987985,3262.849313,0,0,3276.015243,3949.88554,0,2270.065245,3143.399456,2364.759887,2932.286315,2799.329507,1875.296312,2721.735389,3092.133076,2882.542103,2458.665133,1972.905344,3088.352743,3117.955006,3053.704614,3363.860512,2759.013973,2715.771915,3263.169445,0,1967.564572,2888.639976,2378.79584,3034.290263,2921.915989,2797.129941,2925.065875,2920.495037,2957.374816,2991.603115,0,2748.906371,0,1946.71717,0,0,2968.143255,2864.20345,2842.291177,3294.574726,0,3111.735139,2749.29013,3110.593993,3027.544057,2816.316084,2879.432195,2149.900007,2931.997083,3204.831413,2966.660388,2402.673907,3054.605684,2917.502741
"1AYM:1_HRV16_Picornaviridae",2588.869601,2953.382666,4908.069578,3275.518724,3185.471715,3305.177886,2605.1476,2282.602476,2543.175506,2378.498087,2328.796139,2579.211181,2387.057641,2704.478279,2354.138578,2173.909111,2524.808146,1852.891364,2132.268577,3058.17845,2318.456445,2802.29095,0,2410.404649,2799.95968,2923.812322,2385.395402,2927.976323,2578.805233,3032.269496,2407.696976,2300.992358,2575.41456,2219.317663,2503.76858,2344.94654,3049.497271,2517.440003,2782.734624,2595.221851,2548.135677,3317.939088,2218.51159,3142.550063,2735.454322,2093.957158,2628.375018,2358.410405,2841.797405,2557.819967,2473.415768,2291.667826,2482.120385,2452.064654,2659.660209,2469.512812,2109.595922,2199.685031,2281.278164,2588.50088,2420.771408,2163.850797,3045.874857,3391.755553,3253.851607,3070.451871,2042.841409,2571.168845,3317.478,2587.282489,2559.64148,2340.530841,2353.252909,2737.144349,2364.534692,3331.981156,3031.000386,2960.015084,3235.861464,3508.946249
"1B35:A_CRPV_Dicistroviridae",2656.28733,2981.03482,3275.262758,4688.290725,3095.559948,3179.186867,2508.210149,2036.788367,2469.082279,2475.429772,2075.670015,2758.639356,2476.54894,2873.359671,2422.219889,1971.428333,2424.130525,0,2259.900184,2849.815281,2407.471503,2800.684092,0,2370.549682,2841.495841,2937.552804,2233.355421,2763.737866,2702.299125,2861.972447,2532.378458,2418.957896,2278.226016,2333.13338,2646.83167,2507.567366,2929.006334,2444.23423,2776.299741,2732.763473,2600.814535,3172.004721,2335.041529,3049.860238,2889.859454,1970.893324,2420.126663,2504.461797,2624.803686,2691.057934,2537.20637,2397.950993,2511.679299,2489.978311,2592.430375,2566.363653,1861.721036,2361.547895,2139.351644,2270.001303,2133.274783,1947.241811,3110.632254,3635.519712,3216.492322,3231.790094,1851.242804,2655.059404,3088.093615,2746.085932,2647.209657,2453.479759,2474.78768,2645.47307,2468.060179,3277.211453,3169.60623,2831.361384,3373.506362,3545.359283
"1BBT:1_FMDV_Picornaviridae",2866.309589,3179.742182,3185.244023,3095.539699,4404.992537,2908.669341,2198.265382,0,2083.427682,2675.031409,0,2888.164306,2672.55033,3048.4673,2656.83685,0,2062.23533,0,2476.875488,2503.949925,2655.902544,3020.866971,0,1957.944942,3029.984658,3146.881756,1858.734027,2412.351951,2891.195125,2491.799613,2730.344994,2658.67505,1999.203194,2525.891762,2888.283204,2808.005519,2465.132511,2110.661728,2966.572343,2916.254714,2859.329565,3082.971158,2599.211096,2771.730011,3059.606221,0,2086.450871,2712.396257,2324.638744,2863.548082,2766.678836,2607.681714,2793.48724,2773.925331,2935.632237,2783.980483,0,2576.874215,0,2019.562282,0,0,3044.98525,3048.405504,2879.207811,3182.603743,0,2890.582268,2764.82586,2928.831524,2850.038533,2673.802434,2765.349606,2220.320439,2746.605707,3008.274553,3008.725492,2553.372159,3058.778037,3196.204233
"1C8N:C_TNV_Tombusviridae",2613.585904,3025.932953,3305.744425,3179.967686,2909.163543,4898.896876,2434.964334,2105.195159,2510.374919,2453.597163,2046.813161,2730.652766,2493.908808,2867.367206,2354.387927,2047.746296,2523.582085,0,2214.317495,2953.875956,2262.412005,2828.166135,0,2309.080984,2786.364022,3016.703475,2341.239033,2789.383585,2650.653903,2876.538762,2469.934193,2346.569024,2459.732955,2250.148096,2646.437548,2457.50466,2952.085861,2543.299887,2946.487017,2579.593341,2568.138781,3600.47562,2243.850152,3188.066342,2726.336866,2004.392866,2496.898891,2419.713786,3061.015602,2587.785825,2427.026424,2312.50488,2504.091135,2440.272794,2513.795542,2537.127421,1967.330833,2268.713573,2121.318436,2493.209867,2150.598739,2102.604569,3110.776585,3155.803317,3290.496518,3095.080628,1871.378147,2643.885304,3220.198978,2654.82285,2505.928007,2356.253947,2463.488515,2543.819275,2481.464479,3899.397919,3077.734391,2922.549395,3311.569217,3198.193524
"1DNV:A_GmDV_Parvoviridae",0,2056.156813,2605.179338,2509.019348,2198.331239,2434.613382,6013.519179,3231.062043,3377.395415,0,3141.560752,0,0,1858.093535,0,3285.122512,3378.881942,2998.398965,0,2911.407063,0,1908.990106,2443.492298,3275.754575,1907.334051,1997.316205,3184.459583,3279.679693,0,3177.117398,0,0,3412.496717,0,0,0,2986.38729,3417.22716,0,0,0,2303.042715,0,2399.018974,1922.948024,3009.049174,3413.24963,0,3115.911593,0,0,0,0,0,0,0,3098.569128,0,3178.592083,3382.271155,3332.206411,3117.448051,2322.406482,2513.64542,2481.005239,2413.574339,2902.474795,0,2503.588188,0,0,0,0,4408.343434,0,2463.46543,2339.089095,3075.868421,2525.607167,2536.336294
"1DZL:A_HPV16_Papillomaviridae",0,0,2282.793516,2037.23368,0,2104.980193,3231.545548,6505.655701,3020.236429,0,3496.334006,0,0,0,0,3502.77032,2962.988444,3231.63932,0,2610.057422,0,0,2953.507804,3148.628267,0,0,3175.860512,3118.691281,0,2956.709667,0,0,3343.871317,0,0,0,2716.421178,3048.501302,0,0,0,0,0,2278.158639,0,3278.641106,4927.778098,0,2888.474875,0,0,0,0,0,0,0,3366.769746,0,3490.910191,3343.31464,5349.216243,3554.453017,1892.28659,2133.521486,2170.48792,0,3371.080751,0,2366.199279,0,0,0,0,3167.450854,0,1954.359094,1944.592681,2735.335561,2050.207301,2090.723456
"1GFF:1_G4_Microviridae",0,1918.153262,2543.664642,2469.643131,2083.743417,2510.192485,3377.731252,3017.845802,5980.059476,0,2937.61116,1844.597958,0,1906.545002,0,2861.546974,4656.064273,2504.167892,0,3035.990697,0,1928.401099,2382.381955,3342.459977,1882.392059,1923.165029,3302.970684,3128.369158,0,3040.216017,0,0,3331.320483,0,0,0,3105.596187,5079.773473,2051.031088,0,0,2186.397435,0,2400.433409,0,2869.0228,3301.462569,0,3180.167671,0,0,0,0,0,0,0,3071.407165,0,3100.741168,3292.638556,3173.552411,2955.617426,2288.45589,2533.897684,2482.842984,2289.162921,2757.981509,0,2563.641674,0,0,0,0,3386.95869,0,2427.400598,2288.017916,2951.218612,2499.938315,2504.759104
"1GMM:A_CBM6_R.thermocellum",3030.689406,2827.12003,2378.866739,2475.921746,2675.412879,2453.665217,0,0,0,3777.733901,0,2954.986568,3163.134402,2874.970798,3160.620013,0,0,0,3079.782892,1988.032276,3114.561407,2914.315291,0,0,3011.481906,2866.490819,0,1848.254571,3036.897219,1944.134994,3195.422243,3134.610917,0,3140.349914,3021.793966,2868.591091,1927.74098,0,2820.873332,3214.300441,3100.808243,2675.518611,3035.977279,2466.320878,2868.112702,0,0,3115.822509,1875.762701,3013.396929,3102.741333,3110.33451,3212.342919,3270.062964,3072.28486,3160.221906,0,3048.19344,0,0,0,0,2626.69096,2418.081514,2471.910556,2682.166101,0,3068.583523,2334.03369,2893.299733,3078.412942,3355.78487,3151.749375,0,3192.715605,2481.608838,2677.266703,2017.471112,2557.453621,2464.902573
"1IHM:A_NV_Caliciviridae",0,0,2329.165707,2076.149263,0,2046.480946,3142.181449,3496.617873,2937.595963,0,6663.09217,0,0,0,0,3556.599698,2872.638263,3614.009777,0,2577.374723,0,0,3380.278647,3201.147679,0,0,3227.655134,2981.738051,0,2755.624336,0,0,3174.103096,0,0,0,2849.102921,2902.305954,0,0,0,0,0,2071.389335,0,3723.095853,3051.697957,0,2885.186452,0,0,0,0,0,0,0,3465.864482,0,3623.849219,3195.602771,3463.914864,4371.355038,1838.983817,2137.27977,2092.836312,1880.945467,3754.199426,0,2240.07245,0,0,0,0,3113.039475,0,1876.085644,1845.858992,2675.723969,2043.712033,2020.263066
"1J83:A_CBM17_C.cellulovorans",3060.296679,3064.841118,2579.551208,2759.087141,2888.493178,2730.643702,0,0,1844.83984,2954.960552,0,4174.773821,2986.416286,3112.659076,2886.201452,0,1870.14703,0,2790.115364,2257.868518,2813.450508,3091.395996,0,0,3197.440961,3047.39066,0,2166.092457,3058.899159,2313.761849,2991.614999,2817.017507,0,2880.471161,3088.525821,3009.591953,2201.015042,1861.173654,3044.741751,3111.992158,3022.087189,2954.041778,2769.795303,2780.206223,3129.427914,0,1919.251601,2992.766885,2097.446045,3025.818123,3062.097275,2876.68977,2940.435556,2965.145064,3039.091571,3020.338211,0,2774.317147,0,0,0,0,2903.678994,2687.2142,2775.136719,2917.141432,0,3060.339965,2700.814211,3018.285102,3022.570665,2933.230905,3023.129497,0,2961.027243,2760.318799,2919.323369,2381.891328,2836.01708,2747.820341
"1JH5:A_TNF_H.sapiens",3129.918728,2902.672132,2387.387292,2477.146596,2673.00666,2493.92776,0,0,0,3163.137208,0,2986.35522,3840.752471,2897.004943,3066.376346,0,0,0,2924.880701,2031.057001,2985.01561,2993.319059,0,0,3024.372723,2900.137802,0,1865.972092,3048.035279,2017.265869,3426.24531,3001.186071,0,2988.712068,3022.021517,2883.713795,1981.04409,0,2885.507704,3109.808437,3128.408529,2713.402032,2930.180023,2547.637195,3062.665631,0,0,3183.8491,1890.253094,3235.648113,3122.644591,3040.943181,3204.487721,3176.448813,3112.852896,3159.133477,0,2937.162753,0,0,0,0,2687.637963,2439.928224,2552.734181,2717.91647,0,3240.174537,2420.451285,2974.791297,3076.148764,3127.853004,3067.3064,0,3216.977066,2531.816614,2684.645269,2129.70114,2643.886932,2560.92811
"1JS9:C_BMV_Bromoviridae",3004.32342,3165.545946,2704.798805,2873.7983,3048.645072,2867.3492,1858.762481,0,1906.661579,2874.968356,0,3112.663418,2897.019332,4247.715785,2813.033367,0,1841.929997,0,2664.333738,2380.335007,2775.059562,3169.015347,0,0,3142.27894,3136.341733,0,2154.983916,2985.649713,2270.533655,2907.931935,2845.33992,1923.569543,2727.788789,3685.562993,2946.585177,2378.640873,1886.320871,3196.575872,2974.772888,2984.768196,3167.415322,2781.636063,2653.209562,3125.798472,0,1880.391747,2884.579209,2251.743108,2983.423755,2910.661888,2759.301912,2963.269599,2950.075299,2979.538377,2945.04506,0,2807.408665,0,1856.869525,0,0,2862.690394,2732.632798,2716.764437,2997.938115,0,3083.554647,2765.682479,3172.474693,2885.432629,2873.20206,2920.703794,1885.534729,2927.799293,2995.302821,2905.385327,2415.665968,2857.481989,2842.097944
"1K5J:B_NP_X.laevis",2999.248238,2850.269483,2354.444669,2424.943136,2657.112912,2354.440906,0,0,0,3160.486979,0,2886.087575,3066.252956,2812.994274,3716.686838,0,0,0,3203.176129,1912.633381,3165.892913,2814.483936,0,0,2918.231489,2897.934952,0,0,3067.070382,1912.409407,3134.139025,3187.956898,0,3436.101373,2921.476058,2871.230845,1905.078166,0,2834.942463,3044.121503,3077.422144,2631.643106,3143.194478,2369.367491,2845.863941,0,0,3110.905889,0,3042.667763,3142.007509,3565.11275,3023.218463,3072.859696,2949.526606,3160.017574,0,3092.960191,0,0,0,0,2571.073571,2356.49069,2364.016996,2658.813534,0,2961.809604,2335.382916,2838.641513,3092.628449,3169.665222,3074.871661,0,3093.493623,2466.437894,2613.346181,1897.885384,2515.462371,2470.023783
"1LP3:A_AAV2_Parvoviridae",0,0,2173.311862,1972.000782,0,2047.517048,3285.581823,3502.422412,2861.206367,0,3556.014436,0,0,0,0,6498.643172,2936.314987,4170.603144,0,2464.478101,0,0,2986.540604,3129.670536,0,0,3140.027943,2838.38394,0,2696.666134,0,0,3018.171211,0,0,0,2620.69181,2862.741134,0,0,0,0,0,2013.431881,0,3509.969602,3158.578613,0,2691.518551,0,0,0,0,0,0,0,3432.615241,0,3555.470833,3122.346387,3463.157602,3577.273759,0,2000.662805,2056.982941,0,3323.450889,0,2062.121509,0,0,0,0,3333.378603,0,1940.1914,0,2725.87527,2055.002461,2038.851248
"1M06:F_alpha3_Microviridae",0,1878.387482,2525.158426,2424.621126,2062.611001,2523.462945,3379.351242,2963.131923,4656.258875,0,2872.702228,1870.073299,0,1841.852666,0,2936.735794,6028.484897,2498.856448,0,3029.908996,0,1933.513257,2381.157132,3309.017741,1898.827948,1849.790094,3297.429955,3067.649384,0,2991.617896,0,0,3276.508579,0,0,0,3050.411525,4718.812212,1981.840759,0,0,2189.047292,0,2379.68532,0,2828.817054,3303.764476,0,3186.706817,0,0,0,0,0,0,0,3036.745605,0,3139.36306,3330.204111,3050.933228,2923.971221,2222.030594,2479.072741,2442.60706,2179.474562,2707.614855,0,2494.697425,0,0,0,0,3414.84357,0,2351.234119,2237.697498,2899.244828,2426.703246,2498.508455
"1MVM:A_MVM_Parvoviridae",0,0,1853.085944,0,0,0,2997.355193,3230.978996,2503.854293,0,3613.118023,0,0,0,0,4170.357279,2498.230715,6876.580202,0,2195.290388,0,0,3447.299598,2846.395202,0,0,2883.512008,2566.78453,0,2380.211184,0,0,2741.54266,0,0,0,2361.984939,2515.29876,0,0,0,0,0,0,0,3514.047258,2719.620522,0,2365.559549,0,0,0,0,0,0,0,3293.959126,0,3307.227116,2790.027841,3177.305197,3500.172337,0,0,0,0,3701.81971,0,0,0,0,0,0,3026.472627,0,0,0,2231.756258,0,0
"1NLQ:A_NP_D.melanogaster",2797.5442,2687.031932,2132.60543,2260.198341,2476.032469,2214.373281,0,0,0,3079.686029,0,2790.071876,2924.766901,2664.322935,3203.087815,0,0,0,3619.871424,0,3043.596517,2668.445301,0,0,2724.586152,2711.829086,0,0,2910.320755,0,2952.856475,3047.071543,0,3289.803503,2807.481339,2763.361213,0,0,2638.298048,2848.749854,2864.500806,2427.785365,3084.467433,2236.784748,2661.18866,0,0,2962.902861,0,2890.189204,2923.400913,3231.293849,2887.288011,2944.946423,2898.010618,2915.847682,0,3063.803966,0,0,0,0,2407.18962,2193.453785,2216.866641,2464.424815,0,2809.34375,2127.519925,2788.259503,2870.541274,2995.497658,2963.746644,0,2964.490541,2228.992137,2428.483578,0,2340.600769,2268.650947
"1NOV:C_NOV_Nodaviridae",2174.971623,2469.249658,3058.333876,2850.265232,2504.1265,2953.806132,2911.486928,2610.199573,3037.908239,1987.968128,2577.370938,2257.61986,2030.952021,2380.122055,1913.422341,2464.656445,3029.872101,2195.295535,0,5429.891115,1917.450416,2359.192694,2241.497642,2816.866654,2318.561649,2387.715593,2872.662732,3221.453588,2184.172507,3366.502975,2024.155426,1902.952007,3132.352936,0,2133.117454,2057.550663,4396.009632,3015.246925,2547.47936,2240.912598,2138.731568,2790.041681,1858.197782,2888.306671,2358.153985,2654.232618,3004.357959,2011.012613,3368.534247,2144.649685,1990.068105,1852.923957,2029.647634,2066.44796,2129.769482,2127.204431,2595.992156,1840.957063,2621.648199,3071.927994,2702.647549,2614.589594,2638.97049,2978.266422,2882.228648,2711.219539,2645.913377,2236.524821,3219.01428,2229.809776,2171.223814,1938.183864,1967.84938,3010.13857,2028.410606,2954.791181,2641.047856,3327.209296,2868.75006,2941.270539
"1NQD:A_CoBD_H.histolytica",3022.334728,2850.108957,2318.768457,2407.787849,2656.176653,2262.458392,0,0,0,3114.442838,0,2813.320518,2984.853013,2775.046714,3165.883323,0,0,0,3043.759462,1917.497779,3726.427746,2712.157267,0,0,2787.091173,2863.849328,0,0,2990.475901,1857.393674,3053.102399,3139.312111,0,3088.693508,2830.407534,2785.879197,1858.118904,0,2713.18447,3132.997821,2985.572556,2567.199056,3155.404448,2341.597656,2905.049595,0,0,3115.272374,0,3003.190746,3127.62262,3169.88497,2999.476303,3027.637172,2888.970971,3108.536317,0,3096.254955,0,0,0,0,2513.370764,2356.845514,2345.220031,2645.445291,0,2879.332176,2345.523789,2741.742884,3201.406111,3178.391314,3025.078871,0,3031.361236,2425.824952,2497.23685,0,2473.01294,2396.298538
"1NY7:1_CPMV_Secoviridae",3114.289784,3263.205535,2802.619227,2801.317149,3021.166012,2828.170957,1909.532403,0,1928.616553,2914.376921,0,3091.497867,2993.377592,3169.079655,2814.634113,0,1933.669629,0,2668.549244,2359.427435,2712.353693,4151.148081,0,0,3678.778284,3242.235861,0,2272.157852,3052.60666,2380.243688,2998.819766,2767.327558,1997.023744,2748.326596,3086.406185,2876.759681,2356.148862,1936.790345,3098.971636,3031.630941,3049.209361,3024.939387,2703.767619,2807.483726,3082.641122,0,2038.797168,2893.941866,2294.969336,3014.285791,2923.227061,2755.989702,3032.304345,3017.163511,3037.813323,2931.65046,0,2744.812758,0,2003.912549,0,0,2969.10556,2748.044684,2834.32284,2987.877792,0,3142.374664,2694.29308,3026.01199,2914.932211,2855.662495,2905.836299,2003.900383,3006.082325,2892.287878,2989.990979,2455.485816,2933.98292,2827.659225
"1OHF:A_NomegaV_Alphatetraviridae",0,0,0,0,0,0,2444.039356,2953.745078,2382.560788,0,3380.702597,0,0,0,0,2987.428086,2381.12222,3448.752967,0,2241.632041,0,0,7484.366204,2733.386177,0,0,2806.829031,2297.609523,0,2147.730995,0,0,3009.976513,0,0,0,2494.047777,2413.965814,0,0,0,0,0,0,0,4212.900805,2465.235562,0,2506.459498,0,0,0,0,0,0,0,3114.452036,0,3018.62579,2894.001555,2887.873025,3260.716564,0,0,0,0,5167.383545,0,0,0,0,0,0,2496.106548,0,0,0,2138.651267,0,0
"1P8J:A_Furin_M.musculus",0,0,2410.719224,2371.228942,1958.345089,2309.073904,3276.168821,3148.492795,3342.560616,0,3200.798894,0,0,0,0,3130.156986,3309.148738,2847.006958,0,2816.796403,0,0,2733.169625,6359.93721,0,0,5239.708794,2928.59687,0,2855.330047,0,0,3164.863526,0,0,0,2967.322274,3336.722897,1876.651716,0,0,2115.072441,0,2253.35961,0,3273.275491,3132.790156,0,3081.008517,0,0,0,0,0,0,0,3989.621736,0,3511.765349,3179.448033,3210.167804,3190.497064,2188.87866,2362.50331,2335.905691,2162.993119,3102.308441,0,2390.126771,0,0,0,0,3238.695432,0,2159.150979,2125.035602,2714.939543,2296.58406,2390.302739
"1PGL:1_BPMV_Secoviridae",3199.346594,3276.464485,2800.401086,2842.24993,3030.402543,2786.41523,1911.799473,0,1882.711944,3011.586169,0,3197.591022,3024.528164,3142.413336,2918.408262,0,1899.092718,0,2724.674867,2318.906314,2787.299166,3678.848543,0,0,4134.689327,3246.175438,0,2280.599034,3146.056676,2379.594579,3062.76999,2858.025922,1946.98197,2834.694009,3092.087721,2946.212014,2327.001013,1899.199089,3142.239654,3135.904173,3142.585805,3050.574415,2813.987435,2904.211137,3209.741571,0,2005.564112,2952.095771,2327.838371,3044.76784,3024.634608,2856.613267,3019.21244,3044.052291,3033.442096,2991.236989,0,2848.499692,0,1939.343945,0,0,2997.647787,2763.496995,2847.585092,3016.654374,0,3206.849239,2731.567445,3066.304719,3031.07946,2960.268858,2932.283644,1989.525279,3041.556754,2916.650494,3000.267461,2472.308917,2914.150906,2868.790335
"1QJZ:B_PhMV_Tymoviridae",3116.508352,3949.978512,2922.520156,2937.956949,3147.01691,3016.467696,1997.475324,0,1923.178213,2866.439488,0,3047.20647,2900.030593,3136.260312,2897.967545,0,1849.747186,0,2711.701217,2391.743264,2863.836678,3241.958543,0,0,3245.838409,4216.011289,0,2227.411701,3190.808223,2336.30712,2970.484149,2850.669855,1852.018877,2760.833756,3084.220203,2891.421147,2400.79771,1958.650803,3058.100485,3162.542209,3032.591893,3277.869,2791.811659,2745.023078,3256.752202,0,1969.640327,2940.2851,2339.931537,3017.340374,2948.152186,2876.581865,2903.929816,2925.013539,2952.868331,3019.014803,0,2812.372136,0,1892.312692,0,0,2999.671201,2836.11504,2826.441568,3208.177811,0,3117.147856,2727.106814,3080.166132,3058.114008,2829.913562,2918.055441,2083.330755,2962.404382,3144.337322,3008.273329,2350.655304,3009.865972,2941.939495
"1R64:A_Kex2_S.cerevisiae",0,0,2385.740434,2234.054396,1858.937253,2340.916584,3185.011479,3175.891636,3302.945507,0,3226.625318,0,0,0,0,3140.472897,3297.407951,2884.205367,0,2872.720837,0,0,2806.458181,5239.936673,0,0,6430.652748,2945.866782,0,2824.657255,0,0,3191.898159,0,0,0,2902.67017,3247.446452,1887.128677,0,0,2153.016939,0,2205.878617,0,3286.921668,3129.498064,0,3025.187345,0,0,0,0,0,0,0,4033.53681,0,3520.76517,3190.886244,3264.969101,3246.660403,2134.047239,2304.492987,2322.544583,2093.971084,3129.567747,0,2374.9674,0,0,0,0,3162.158068,0,2205.922937,2088.680196,2655.063723,2235.592372,2231.382999
"1SID:B_MuPV_Polyomaviridae",2135.321025,2270.179319,2928.586247,2764.164467,2413.17389,2789.267802,3279.975057,3118.621853,3128.280832,1848.135858,2981.744093,2165.944813,1865.89061,2154.856719,0,2838.006729,3067.493241,2567.140731,0,3221.614015,0,2271.948929,2297.524563,2928.33564,2280.320714,2227.466022,2944.051412,5534.366914,2031.361321,4589.435402,1882.465698,0,3287.804086,0,2023.039645,1848.865272,3420.528001,3159.253856,2138.857836,2110.004342,2014.3448,2541.026144,0,2929.79218,2258.997859,2805.253731,3475.872676,1856.851832,3506.978839,1952.075174,1894.355493,0,1923.556425,1916.165066,1988.769027,1915.568534,2665.835523,0,3101.609604,3260.800722,3192.140106,3033.187487,2614.469161,2842.735786,3540.615466,2631.479604,2779.74065,2062.129583,2996.608048,1961.72241,2005.482962,0,1841.177898,3363.741885,1867.981815,2698.441687,2648.73177,3237.893781,2858.398396,2744.639438
"1STM:A_SPMV_Papanivirus",3190.583302,3144.666034,2579.089199,2702.533714,2891.342845,2650.488345,0,0,0,3036.858645,0,3058.656857,3047.846573,2985.436433,3067.04255,0,0,0,2910.325745,2184.200034,2990.451815,3052.284921,0,0,3145.628072,3190.448549,0,2031.229485,3975.574482,2193.814177,3110.722541,3004.772437,0,2965.67709,3101.989615,3004.531092,2168.419423,0,2998.091008,3266.313434,3190.389135,2921.836294,2955.378979,2566.232318,3092.331593,0,0,3115.105049,2045.063037,3180.358075,3148.598456,3054.342139,3063.116749,3093.054434,3083.35031,3143.4979,0,2955.51728,0,0,0,0,2801.418974,2626.298687,2650.301376,2943.957771,0,3119.290739,2541.008785,3001.865262,3253.919586,3048.97436,3070.042808,0,3124.746193,2778.828607,2815.988254,2117.209466,2821.057466,2706.666881
"1SVA:1_SV40_Polyomaviridae",2291.869031,2364.768737,3032.780421,2862.67545,2492.156241,2876.48853,3177.418942,2956.785899,3040.083586,1943.971358,2755.722664,2313.527413,2017.177307,2270.385218,1912.354354,2696.885738,2991.445243,2380.640505,0,3366.587631,1857.35394,2379.925146,2147.596474,2855.054595,2379.203222,2336.254325,2824.664396,4589.185264,2193.936735,5383.764157,2044.763055,1846.659838,3182.411039,0,2109.65256,1993.534685,3467.657953,3012.154553,2276.596918,2239.018427,2159.073601,2616.652995,0,3004.988176,2435.366343,2626.719791,3308.303887,1993.91682,3356.500561,2129.898374,2040.318375,1842.826513,2093.416987,2093.663507,2124.75105,2075.804346,2492.777424,0,2892.904569,3123.83532,2988.176827,2912.236592,2727.619288,2926.326556,3915.332103,2719.314656,2642.757002,2207.348918,3142.090974,2082.190616,2118.037362,1955.262324,1947.517484,3236.281891,2004.53537,2801.944978,2743.721162,3345.681725,2967.692187,2882.670371
"1U5Y:A_TNF_M.musculus",3186.66185,2932.334594,2407.963333,2532.856058,2730.645561,2472.046454,0,0,0,3195.35396,0,2991.5225,3426.118952,2907.8597,3134.210348,0,0,0,2952.914848,2024.186737,3053.157365,2998.639758,0,0,3062.571916,2970.430743,0,1881.350864,3110.714263,2044.767938,3799.099142,3110.095895,0,3018.662594,3022.563065,2926.761181,1993.696255,0,2883.090722,3146.16469,3149.751455,2766.12429,3000.679816,2506.710228,3119.698834,0,0,3176.773517,1916.787807,3256.1235,3147.094161,3112.525678,3155.185416,3153.748297,3067.576549,3163.311947,0,3005.837412,0,0,0,0,2627.167627,2464.648652,2574.509355,2731.061357,0,3208.095822,2453.111748,2956.422585,3148.034792,3193.455313,3106.273753,0,3285.651287,2585.170716,2665.381331,2124.237561,2624.887937,2537.415209
"1VJ2:A_Cupin_T.maritima",2980.396896,2799.370538,2301.211962,2419.246593,2658.834077,2346.605829,0,0,0,3134.429194,0,2816.866491,3000.996786,2845.264312,3187.920531,0,0,0,3047.072489,1902.930339,3139.267933,2767.094754,0,0,2857.79228,2850.61947,0,0,3004.695747,1846.632494,3109.945245,3751.289914,0,3070.684572,2921.24407,2925.997404,1873.38815,0,2782.647976,3007.33971,3062.364606,2650.19465,3376.180529,2371.515509,2851.013914,0,0,3059.478535,0,2984.93344,3081.035489,3145.20445,3015.669878,3060.300401,2960.89357,3077.043181,0,3355.147817,0,0,0,0,2521.599807,2394.538275,2349.998525,2603.76674,0,2941.996189,2311.178685,2808.138108,3053.133258,3156.283516,3099.637263,0,3066.374092,2448.718446,2544.697768,1932.295443,2506.34941,2401.518889
"1WCD:J_IBDV_Birnaviridae",0,1875.591844,2576.036997,2279.143497,2004.392121,2459.920028,3413.459707,3344.511896,3331.681803,0,3174.664772,0,0,1923.599207,0,3019.220558,3277.069497,2742.462338,0,3132.931855,0,1997.027162,3010.469006,3165.332401,1946.909277,1852.189349,3192.39687,3288.583871,0,3183.023435,0,0,6021.321322,0,0,0,3160.252844,3275.270516,1941.390204,0,0,2303.727087,0,2623.168106,1853.420618,3158.585528,3530.754029,0,3385.381112,0,0,0,0,0,0,0,3044.783934,0,3356.631044,5070.316141,3399.502716,3293.70761,2370.358036,2378.816643,2542.03507,2220.686061,3278.169243,0,2840.746558,0,0,0,0,3410.069695,0,2410.720519,2371.424573,3144.924916,2474.538547,2410.114445
"1XB9:A_NP_X.laevis",2869.055309,2721.961463,2219.705602,2333.524371,2526.183419,2250.22146,0,0,0,3140.25962,0,2881.452566,2988.658434,2727.854829,3436.122136,0,0,0,3289.928946,0,3088.670067,2748.295529,0,0,2834.5897,2760.936417,0,0,2965.746029,0,3018.636273,3070.684598,0,3651.564567,2847.45725,2795.714398,0,0,2724.869508,2933.709396,2954.939887,2531.724584,3128.154305,2339.246717,2734.036208,0,0,3048.582788,0,2984.853475,3029.500419,3387.086899,2973.475171,3037.247079,2914.700801,3041.134136,0,3131.484418,0,0,0,0,2484.35558,2240.164686,2322.254602,2535.599344,0,2888.566341,2184.534156,2813.449563,2997.3345,3088.095531,3046.972186,0,3007.522444,2359.361967,2508.852497,1844.26176,2389.501348,2355.932301
"1ZA7:A_CCMV_Bromoviridae",3108.573079,3092.218449,2504.271357,2647.250677,2888.653031,2646.495989,0,0,0,3021.843725,0,3088.521632,3022.103732,3685.601132,2921.590118,0,0,0,2807.578126,2134.329347,2830.55292,3086.317272,0,0,3091.951498,3084.190159,0,2023.133334,3102.347696,2109.803805,3022.737847,2921.395406,0,2847.459111,4059.31729,3074.469203,2126.873945,0,2949.620447,3037.386999,3115.322194,2893.991821,2850.528433,2554.415964,3036.904316,0,0,2977.024087,1939.386395,3067.61043,3003.435317,2881.609444,3073.343836,3072.877809,3133.004951,3004.186215,0,2887.832894,0,0,0,0,2763.303147,2597.17968,2596.382494,2824.786449,0,3206.746193,2520.358002,3143.726292,2978.050015,2958.434434,3044.839411,0,3074.642458,2739.164138,2855.691674,2254.350178,2704.800903,2617.873233
"2ARC:A_AraC_E.coli",2968.578345,2882.714863,2345.425208,2508.045088,2808.295803,2457.652121,0,0,0,2870.520282,0,3009.67968,2883.799565,2946.618449,2871.446223,0,0,0,2763.496025,2057.773868,2784.674377,2876.756713,0,0,2946.116852,2891.489804,0,1848.961281,3004.867065,1993.686845,2926.960941,2926.230604,0,2795.832501,3074.468663,4102.191177,2023.96799,0,2820.710563,2989.519067,3031.941182,2707.390357,2878.337685,2510.569273,2909.876339,0,0,2905.24861,0,3029.988701,2872.395428,2830.948913,2936.289339,2931.778799,2974.098487,2985.318924,0,2887.996972,0,0,0,0,2571.216366,2458.090906,2434.203305,2678.862372,0,3017.345261,2504.930882,2934.106545,2874.632538,2896.293722,2867.148718,0,2930.864623,2526.989735,2613.436043,2251.587223,2510.847676,2490.956356
"2BBV:C_BBV_Nodaviridae",2205.333833,2457.631512,3049.633471,2929.520613,2465.363896,2951.887406,2986.395178,2716.346166,3105.426753,1927.585523,2848.804765,2200.78555,1980.819847,2378.421879,1904.999797,2621.648378,3050.319744,2362.167496,0,4395.931511,1858.050057,2355.900754,2493.709276,2967.043679,2326.632482,2400.903301,2902.964125,3420.131089,2168.452748,3467.481504,1993.061749,1873.390287,3159.544973,0,2126.507917,2023.634006,5459.179731,3071.338855,2476.321435,2230.664821,2138.428913,2763.343596,0,2961.926672,2358.901155,2847.627396,3080.434159,1969.557429,3465.86444,2082.148451,1960.699201,1841.941174,1987.598021,2022.12059,2114.680516,2063.709811,2579.936398,0,2779.299866,3122.072846,2795.61811,2728.433142,2646.667852,3010.131987,2953.476579,2775.381037,2945.674994,2170.469707,3145.079771,2135.586104,2162.214319,1919.065964,1927.381595,3120.951888,1953.310942,2900.494238,2654.07227,3289.532385,2981.657428,2942.751136
"2BPA:1_phiX174_Microviridae",0,1972.924082,2518.018434,2444.763344,2111.014999,2543.179098,3417.857747,3048.547155,5079.850591,0,2902.295945,1860.978463,0,1886.273446,0,2863.16899,4718.734384,2515.773552,0,3015.326881,0,1936.615113,2413.901605,3336.708248,1898.802482,1958.661545,3247.496989,3159.394306,0,3012.354016,0,0,3274.676878,0,0,0,3071.628589,5985.619263,2077.053777,0,0,2227.594301,0,2435.853447,1881.154243,2926.099991,3312.737806,0,3179.897351,0,0,0,0,0,0,0,3161.53855,0,3150.59954,3248.280775,3119.334337,2823.490483,2302.605216,2574.891466,2480.396884,2258.973787,2767.265747,0,2617.186757,0,0,0,0,3451.98931,0,2411.252369,2346.05111,2953.005873,2473.429992,2481.31675
"2BUK:A_STNV_Albetovirus",3005.682239,3088.680951,2783.024327,2776.898221,2966.861382,2946.573596,0,0,2051.237265,2820.999537,0,3044.829863,2885.634413,3196.643064,2835.098561,0,1981.933655,0,2638.518354,2547.699147,2713.315299,3099.109788,0,1873.903989,3142.26288,3058.306636,1887.42604,2139.037646,2998.326573,2276.80987,2883.211358,2782.826687,1941.351264,2725.024751,2949.65909,2820.679611,2476.669884,2077.189336,4284.756502,2955.685545,2918.496577,3152.518351,2743.20718,2695.591669,3075.178449,0,1958.709999,2830.192329,2464.25943,2918.603624,2904.510067,2771.704456,2803.152587,2824.557964,2873.202182,2945.45461,0,2747.840475,0,1887.808657,0,0,2935.895556,2726.613551,2801.802979,3054.634825,0,2967.357106,2804.073184,3008.361048,2888.233563,2798.081786,2800.997868,1886.808318,2796.762278,2991.302127,2944.044736,2271.760052,2944.520425,2795.530737
"2CDO:A_CBM6_S.degradans",3298.786917,3117.823543,2595.574268,2733.130447,2916.521315,2579.51076,0,0,0,3214.419048,0,3111.791894,3109.832622,2974.66053,3044.306974,0,0,0,2848.935629,2241.029297,3133.177814,3031.403959,0,0,3135.559065,3162.347438,0,2109.946908,3266.435549,2239.022089,3146.326361,3007.577335,0,2933.852402,3037.170167,2989.206981,2230.801479,0,2955.585127,3965.824445,3202.750832,2892.59405,2971.751697,2617.917149,3218.874318,0,0,3125.408125,2112.662097,3158.704984,3145.717663,3036.457916,3188.905654,3191.238379,3092.520848,3210.2815,0,2952.566711,0,0,0,0,2769.453738,2654.496066,2704.306963,2951.352225,0,3138.527472,2684.011963,3013.91302,3307.724092,3240.893733,3049.774971,0,3125.51772,2733.429845,2752.040691,2135.217217,2781.991495,2732.829719
"2HEY:F_TNF_H.sapiens",3190.351098,3053.712366,2547.121058,2601.248098,2859.651586,2568.121691,0,0,0,3100.881894,0,3021.977951,3128.429735,2984.727745,3077.558619,0,0,0,2864.543714,2139.575027,2985.658387,3049.029598,0,0,3142.343679,3032.472524,0,2014.338208,3190.529901,2159.128777,3149.886309,3062.526937,0,2954.916251,3115.089715,3031.805066,2138.571186,0,2918.342631,3202.783467,3914.85172,2827.937753,2992.567791,2592.910121,2980.144333,0,0,3080.147728,1979.493164,3148.737994,3112.977595,3027.284097,3188.927314,3172.361197,3143.664829,3114.801511,0,2976.620867,0,0,0,0,2693.783154,2530.693097,2595.100889,2783.472574,0,3185.021552,2544.187678,3038.937073,3094.182473,3123.541156,3102.061832,0,3180.827042,2634.854839,2789.798428,2165.857542,2681.253155,2663.907244
"2IZW:C_RGMoV_Sobemoviridae",2894.325445,3363.997979,3317.998918,3172.45497,3083.412842,3600.365955,2303.242849,0,2186.335484,2675.33105,0,2953.969665,2713.211084,3167.41166,2631.497903,0,2189.053151,0,2427.652308,2790.044702,2567.028188,3024.804621,0,2115.063469,3050.27902,3277.844129,2153.07712,2540.934591,2921.901846,2616.624033,2766.378799,2650.125649,2303.460059,2531.485265,2893.866668,2707.202887,2763.400969,2227.457765,3152.376933,2892.470149,2827.821816,4573.588816,2546.765281,3046.79362,3062.12691,0,2218.972668,2678.539329,2950.623866,2851.963071,2687.36129,2582.525916,2677.614164,2711.834834,2777.295623,2828.541697,0,2545.74742,1914.59657,2301.319097,1894.258659,0,3218.894657,3059.027984,3111.443164,3358.067983,0,2860.733388,3133.304331,2925.227806,2769.838042,2620.832063,2668.107242,2373.45482,2719.606107,3745.899494,3262.136067,2645.511548,3400.299432,3123.164573
"2OZJ:A_Cupin_D.hafniense",2947.505638,2759.161984,2214.397812,2335.368495,2599.491492,2243.888788,0,0,0,3034.621557,0,2769.719131,2930.090004,2781.67305,3143.07126,0,0,0,3084.499454,1858.290312,3155.320376,2703.676554,0,0,2813.82438,2791.871076,0,0,2955.372906,0,3000.567641,3376.114287,0,3128.054986,2850.425497,2878.178246,0,0,2743.008816,2971.547091,2992.463741,2546.960288,3665.270211,2290.317811,2770.636363,0,0,3018.018233,0,2921.971146,3035.560241,3109.689987,2938.760735,2956.096941,2858.995524,3020.298557,0,3406.252934,0,0,0,0,2423.322736,2308.042762,2310.538152,2548.862699,0,2862.78526,2232.004082,2750.007113,2991.567379,3107.414644,3011.415941,0,3003.219997,2391.355208,2414.129293,0,2382.753095,2331.500818
"2P17:A_Pirin_G.kaustophilus",2656.141066,2716.304325,3143.333803,3051.033785,2772.439163,3188.418111,2399.667411,2278.78132,2400.787352,2466.432084,2071.962813,2780.394517,2547.725879,2653.373228,2369.583312,2012.066993,2380.288347,0,2236.938923,2888.806305,2341.789917,2807.621787,0,2253.827994,2904.229997,2745.448341,2206.318924,2930.208134,2566.574969,3005.46306,2506.865074,2371.749701,2623.224136,2339.355542,2554.452371,2510.615079,2962.569861,2436.171868,2695.70907,2618.15366,2593.037104,3047.209529,2290.516236,4870.658749,2704.097026,1890.968121,2726.380308,2482.419597,2846.72801,2508.155777,2451.838212,2336.749724,2557.069179,2517.981856,2600.6367,2487.932373,1975.351956,2296.586974,2215.664122,2587.067483,2342.441375,2058.396013,3178.111962,3113.374371,3354.153891,3025.342753,1885.873426,2624.570045,3320.518703,2568.374527,2505.113983,2421.377376,2390.518593,2591.991207,2549.140676,3113.11203,3133.764181,2998.318051,3204.728424,3130.643997
"2QE3:A_TNF_H.sapiens",3158.694197,3263.137858,2735.573615,2890.129687,3059.626934,2726.081221,1924.720049,0,0,2868.095063,0,3129.134158,3062.568845,3125.542143,2851.65038,0,0,0,2661.184144,2358.175897,2905.117146,3082.205992,0,0,3209.263479,3256.598947,0,2259.061093,3092.514363,2435.280344,3119.737225,2851.166777,1853.119349,2733.977065,3036.731495,2909.604408,2358.762361,1881.025214,3074.89203,3218.935224,2980.082802,3062.016635,2770.704692,2703.580669,4175.806897,0,1913.020478,2948.484419,2232.060054,3383.234736,2951.2386,2827.413107,2918.293667,2901.763793,2938.425697,3041.260806,0,2771.310852,0,1889.143794,0,0,2875.624333,2803.353981,2842.587187,3063.652381,0,3340.847875,2761.984653,3003.91789,3129.331159,2905.468898,2883.49432,2032.327572,2955.274383,2874.773013,2866.348588,2252.091799,2867.895692,2894.296655
"2QQP:A_PrV_Carmotetraviridae",0,0,2094.27564,1971.451918,0,2002.731725,3009.716655,3278.859612,2869.266513,0,3723.311047,0,0,0,0,3510.769277,2828.844856,3514.991289,0,2654.304395,0,0,4212.603015,3273.480325,0,0,3287.01226,2805.453194,0,2626.796817,0,0,3158.095324,0,0,0,2847.908097,2926.176682,0,0,0,0,0,1891.016378,0,6772.6835,2883.439287,0,2898.000983,0,0,0,0,0,0,0,3564.80888,0,3496.150143,3179.209642,3280.042558,3643.41938,0,1968.907584,2007.34358,0,4762.120423,0,2112.30654,0,0,0,0,3076.188271,0,1986.268017,0,2469.698557,1994.968203,1984.75627
"2R5I:A_HPV18_Papillomaviridae",0,1967.905881,2628.984515,2420.895401,2087.00208,2496.7662,3413.668483,4927.971565,3303.990933,0,3051.888966,1919.329176,0,1881.493879,0,3159.09433,3303.666095,2720.174904,0,3004.632465,0,2038.770496,2465.19772,3132.560122,2005.438868,1969.88111,3129.575487,3476.220721,0,3308.680062,0,0,3530.11061,0,0,0,3080.938614,3315.00547,1958.701515,0,0,2219.14082,0,2726.047483,1913.262257,2883.427446,5974.255909,0,3201.795869,0,0,0,0,0,0,0,2997.277107,0,3201.052243,3551.715416,4728.864369,3160.390765,2340.169742,2558.531013,2631.303656,2264.513731,2875.812941,0,2701.722984,0,0,0,0,3446.684206,0,2353.220272,2378.492673,2968.027818,2450.960926,2446.977678
"2R6Q:A_BclA_B.anthracis",3152.641969,2888.7369,2358.751958,2504.882665,2712.689714,2419.71049,0,0,0,3115.741425,0,2992.67962,3183.73598,2884.504624,3110.98493,0,0,0,2962.950789,2011.052958,3115.35045,2893.782366,0,0,2951.883612,2940.259847,0,1856.845118,3115.075981,1994.004527,3176.756216,3059.624295,0,3048.595788,2976.856072,2905.005301,1969.669978,0,2830.106117,3125.242804,3079.989593,2678.64431,3018.096754,2482.225627,2948.395369,0,0,3809.551518,1843.741058,3107.079149,3232.750097,3093.681253,3088.280644,3086.814425,3017.009495,3185.396058,0,2997.322469,0,0,0,0,2602.580381,2402.971019,2489.10202,2695.084359,0,2996.506171,2411.161849,2868.713722,3124.425171,3204.253084,3124.410558,0,3132.239094,2492.87056,2610.369,2014.370584,2569.689872,2470.400285
"2TBV:C_TBSV_Tombusviridae",2166.8675,2379.016665,2842.518475,2625.707586,2325.112926,3062.145159,3116.802508,2889.187246,3180.570313,1874.76365,2885.750143,2097.454773,1890.336651,2251.823492,0,2692.408962,3187.035011,2366.501444,0,3369.089408,0,2294.95249,2506.763575,3081.505557,2327.695243,2340.016986,3025.703642,3507.702644,2044.487144,3357.232666,1916.932583,0,3385.170312,0,1939.414043,0,3466.553573,3180.281513,2464.149689,2112.82738,1979.632568,2950.753138,0,2846.593367,2232.288508,2896.645765,3202.217637,1841.084897,5634.479392,1987.6931,1861.19337,0,1875.041657,1903.817734,1953.554865,1946.927352,2922.096048,0,2995.607801,3339.127973,2916.206196,2991.557443,2619.387297,2699.999237,2889.199724,2599.170375,2890.076284,2066.22637,2966.882653,2033.867735,1959.334421,0,0,3276.072607,1882.715187,2993.822569,2609.874523,3172.677686,2820.143637,2710.64474
"2TNF:A_TNF_M.musculus",3177.698218,3034.225291,2558.19042,2691.409436,2863.728518,2587.618802,0,0,0,3013.36188,0,3025.620095,3235.604751,2983.277881,3042.69999,0,0,0,2890.179621,2146.499086,3003.264049,3014.044893,0,0,3044.441867,3017.167423,0,1952.057596,3180.392859,2129.898679,3256.99199,2985.0157,0,2984.821996,3067.367598,3029.72089,2082.242689,0,2918.402071,3158.676152,3148.661392,2852.013333,2922.007492,2507.880234,3383.181353,0,0,3107.069529,1987.43956,3983.117574,3115.761124,3006.767444,3028.95869,3012.913552,3112.862419,3145.180625,0,2879.749816,0,0,0,0,2716.674579,2564.25625,2632.10696,2794.147883,0,3360.699735,2521.990958,3016.247489,3115.151599,3072.118515,3066.894802,0,3094.900897,2690.805998,2790.991984,2175.828818,2715.228797,2703.922429
"2V72:A_CBM32_C.perfringens",3155.649727,2922.12656,2473.852414,2537.792124,2767.103702,2427.158016,0,0,0,3102.877498,0,3062.137528,3122.696406,2910.702568,3142.24272,0,0,0,2923.60796,1993.561933,3127.826668,2923.315333,0,0,3024.581065,2948.267771,0,1894.507104,3148.810294,2040.485306,3147.298747,3081.370759,0,3029.651107,3003.366408,2872.279172,1960.882611,0,2904.529415,3145.740509,3113.043948,2687.56118,3035.779693,2451.765641,2951.384261,0,0,3232.938928,1868.373662,3115.889732,3890.677569,3125.026699,3087.967577,3126.443542,3042.900073,3194.600498,0,3005.775351,0,0,0,0,2661.051752,2477.952509,2520.904298,2767.557653,0,3002.730715,2406.684027,2864.54749,3307.64853,3183.610586,3095.478912,0,3119.814768,2522.397378,2672.88895,2010.415706,2602.876957,2515.040731
"2VTX:B_NP_X.laevis",2965.658371,2797.293729,2292.0059,2398.279912,2607.964123,2312.111821,0,0,0,3110.254493,0,2876.56509,3040.820432,2759.266725,3565.083789,0,0,0,3231.380229,1853.039679,3169.888306,2755.87343,0,0,2856.428361,2874.944775,0,0,3054.374457,1842.874486,3112.43842,3145.233383,0,3387.074153,2881.508096,2830.758148,1842.039807,0,2771.538502,3036.280899,3027.217736,2582.671851,3109.775892,2336.577299,2827.393972,0,0,3093.603289,0,3006.756153,3124.804882,3689.895518,2994.261423,3020.839064,2911.088346,3129.791206,0,3095.615558,0,0,0,0,2504.838827,2329.203499,2333.270144,2601.083412,0,2889.026095,2290.644007,2801.011293,3079.867409,3179.760939,3031.491858,0,3018.576099,2411.005482,2576.453436,1850.012787,2463.682282,2445.334371
"2W3J:A_CBM35_bacterium",3044.722422,2925.153354,2482.351281,2510.547154,2793.849926,2503.976145,0,0,0,3212.348138,0,2940.302858,3204.406869,2963.205954,3023.436778,0,0,0,2887.446016,2029.708791,2999.674095,3032.195809,0,0,3019.026802,2903.91831,0,1923.606718,3063.173961,2093.497675,3155.260173,3015.958471,0,2973.582562,3073.16466,2936.179785,1987.737059,0,2802.962661,3188.847384,3188.874233,2677.746549,2938.926362,2557.006526,2918.344021,0,0,3088.34685,1877.386235,3028.984575,3087.815051,2994.117651,3855.22641,3467.290238,3222.153299,3077.251897,0,2929.951388,0,0,0,0,2669.706679,2492.588444,2519.204857,2691.077814,0,3121.904833,2405.238059,2961.239139,3072.641121,3193.553438,3116.822731,0,3264.966059,2527.207705,2720.320014,2183.372877,2553.170628,2593.521612
"2W47:A_CBM35_C.thermocellum",3075.575289,2920.595089,2452.382464,2490.551676,2774.319588,2440.230466,0,0,0,3270.150664,0,2965.110655,3176.420388,2950.035184,3073.049424,0,0,0,2945.079511,2066.46444,3027.792941,3017.118742,0,0,3043.942138,2925.051792,0,1916.289639,3093.166158,2093.79809,3153.884123,3060.569036,0,3037.326234,3072.766199,2931.700892,2022.30516,0,2824.386516,3191.231775,3172.362247,2711.97372,2956.253961,2515.07869,2901.827071,0,0,3086.916355,1903.757309,3012.96271,3126.366029,3021.008658,3467.329461,3860.799045,3138.959293,3147.594182,0,2972.357582,0,0,0,0,2699.827952,2475.453733,2502.743887,2733.713826,0,3139.039559,2436.704219,2976.770678,3094.600564,3290.917339,3109.51991,0,3265.388479,2529.307299,2707.502576,2117.797039,2581.611814,2565.648078
"2WQ4:A_BclA_B.cenocepacia",3087.394642,2957.082023,2659.758689,2592.680314,2936.518879,2513.527445,0,0,0,3072.189012,0,3038.789539,3112.653645,2979.251863,2949.590381,0,0,0,2898.00363,2129.703137,2888.994134,3037.418693,0,0,3032.936198,2952.55841,0,1988.522994,3083.258067,2124.574109,3067.493854,2961.038589,0,2914.666041,3132.64526,2973.819612,2114.707981,0,2873.503078,3092.320204,3143.478074,2777.18579,2859.017161,2600.327374,2938.1604,0,0,3016.980652,1953.277643,3112.741483,3042.589534,2911.112242,3222.017365,3138.765743,3937.742553,3041.667154,0,2866.36912,0,0,0,0,2784.83802,2618.099758,2527.815024,2762.872436,0,3134.539281,2443.90175,3023.888182,3054.112047,2996.076224,3025.002505,0,3119.932776,2565.408803,2782.666152,2253.588336,2626.732157,2654.665461
"2ZEW:B_CBM16_C.polysaccharolyticus",3161.916077,2991.611859,2469.776178,2566.803716,2784.266113,2537.068125,0,0,0,3160.136457,0,3020.238349,3159.036301,2944.997666,3160.152263,0,0,0,2915.932094,2127.306237,3108.647951,2928.035994,0,0,2991.045781,3018.948763,0,1915.526298,3143.541527,2075.816064,3163.386057,3077.218962,0,3041.203007,3003.974648,2985.08043,2063.748507,0,2945.377523,3210.182527,3114.708721,2828.630595,3020.42992,2487.764587,3041.241458,0,0,3185.444327,1946.754195,3145.118784,3194.478431,3129.891342,3077.256571,3147.543678,3041.79432,3896.773827,0,2982.679592,0,0,0,0,2716.285305,2505.545906,2604.284978,2843.631326,0,3066.267485,2464.783483,2937.496832,3226.867402,3191.308314,3135.367998,0,3130.770032,2596.096316,2750.713206,2029.232146,2691.105468,2538.428725
"3AFG:B_TkSP_T.kodakarensis",0,0,2110.048253,1862.418546,0,1967.440392,3099.372381,3367.410417,3071.862792,0,3466.32136,0,0,0,0,3433.717314,3037.09378,3295.078228,0,2596.394622,0,0,3114.570078,3990.117082,0,0,4033.934233,2666.267042,0,2493.244343,0,0,3044.747435,0,0,0,2580.499997,3161.932074,0,0,0,0,0,1975.141628,0,3564.861782,2997.89756,0,2921.916421,0,0,0,0,0,0,0,6857.675071,0,3487.025194,3001.663285,3323.576778,3608.554973,1849.767943,1923.212759,1935.23386,0,3495.967369,0,1988.998753,0,0,0,0,2932.276994,0,1974.872022,1885.086919,2561.979631,1951.896955,2027.600138
"3FJS:A_Cupin_C.pinatubonensis",2938.733027,2749.001555,2200.011935,2361.838117,2577.098916,2268.718272,0,0,0,3048.049397,0,2774.195336,2937.003558,2807.397556,3092.825576,0,0,0,3063.809168,1841.054353,3096.120915,2744.635451,0,0,2848.28198,2812.410344,0,0,2955.45446,0,3005.68442,3355.101114,0,3131.392072,2887.713692,2887.808236,0,0,2747.618704,2950.334676,2976.499361,2545.876692,3406.219933,2296.380614,2771.218383,0,0,2997.194463,0,2881.782767,3005.502188,3095.537655,2929.748538,2972.14357,2866.291941,2982.514576,0,3659.950976,0,0,0,0,2468.76987,2321.045213,2285.172677,2521.221489,0,2889.671223,2188.85125,2764.264743,2966.242109,3055.090593,3054.070829,0,3022.303459,2359.691136,2447.501896,1849.124916,2387.06686,2324.156619
"3HAG:A_HEV_Hepeviridae",0,0,2281.665615,2139.813741,0,2121.130753,3179.339001,3491.12701,3100.943531,0,3625.034567,0,0,0,0,3556.229748,3139.598198,3308.276905,0,2621.851324,0,0,3018.519375,3512.141886,0,0,3521.118383,3101.848281,0,2893.174466,0,0,3356.514482,0,0,0,2779.700287,3150.671699,0,0,0,1914.647718,0,2215.161681,0,3496.33289,3201.340222,0,2995.298048,0,0,0,0,0,0,0,3486.729791,0,6483.444989,3324.925101,3541.387712,3710.052211,1996.524786,2151.766752,2278.19426,1963.919092,3266.81318,0,2211.2745,0,0,0,0,3249.157136,0,2082.593559,2024.610079,3358.070916,2233.494705,2147.330282
"3IDE:A_IPNV_Birnaviridae",0,1947.018867,2589.232203,2272.514138,2020.120205,2493.357572,3383.226168,3343.963459,3293.378639,0,3194.165621,0,0,1856.921344,0,3123.395887,3330.745535,2791.331674,0,3072.482926,0,2003.937634,2894.440458,3180.006635,1939.268872,1891.4853,3191.391676,3261.158354,0,3124.428338,0,0,5070.252603,0,0,0,3122.75879,3248.841604,1887.841982,0,0,2301.580328,0,2587.01481,1889.356807,3179.625963,3552.289007,0,3339.207334,0,0,0,0,0,0,0,3001.639023,0,3325.058417,6037.535233,3436.501394,3271.828872,2344.712919,2385.951268,2517.255033,2225.8816,3221.6655,0,2771.392291,0,0,0,0,3455.525286,0,2387.413864,2350.974667,3067.314233,2497.28601,2386.434587
"3IYJ:A_BPV1_Papillomaviridae",0,0,2420.843613,2133.573428,0,2150.206771,3332.503652,5348.981677,3173.697949,0,3463.637215,0,0,0,0,3463.337165,3050.874115,3177.888876,0,2702.428066,0,0,2887.569681,3210.047245,0,0,3264.826113,3192.204498,0,2988.118569,0,0,3398.904511,0,0,0,2795.659248,3119.358858,0,0,0,1894.054191,0,2341.697235,0,3278.523753,4728.691868,0,2915.502827,0,0,0,0,0,0,0,3322.954997,0,3540.924516,3435.842122,6417.687554,3537.456674,1975.091286,2212.308977,2212.867737,1934.37879,3269.279558,0,2351.610421,0,0,0,0,3257.902773,0,2044.889146,1995.538717,2804.427898,2100.11291,2145.700066
"3M8L:A_FCV_Caliciviridae",0,0,2164.418546,1947.854237,0,2102.57924,3118.13079,3554.950819,2956.769442,0,4371.811291,0,0,0,0,3578.247712,2924.137878,3501.312862,0,2614.778925,0,0,3260.51939,3190.805811,0,0,3246.877688,3033.517138,0,2912.502339,0,0,3293.409178,0,0,0,2728.717017,2823.472531,0,0,0,0,0,2057.988909,0,3643.426083,3160.605791,0,2991.235299,0,0,0,0,0,0,0,3608.289265,0,3710.130839,3271.49388,3537.88289,6739.520521,1861.734547,2002.53984,2136.014215,0,3615.626434,0,2198.445171,0,0,0,0,3174.766369,0,2063.096364,0,2621.891589,2082.067139,2060.62719
"3N35:A_Lectin_E.corallodendron",2758.523057,2968.319693,3045.95106,3110.911807,3045.350972,3110.368451,2322.397144,1892.332854,2288.301593,2626.589184,1839.018363,2903.570916,2687.579613,2862.483287,2571.082665,0,2221.904496,0,2407.200973,2638.788086,2513.357336,2968.951843,0,2188.624143,2997.435964,2999.762678,2133.445055,2614.176742,2801.536039,2727.409906,2627.197351,2521.664901,2369.758854,2484.294637,2763.177476,2571.105709,2646.824194,2302.460075,2935.721881,2769.493136,2693.746075,3218.864124,2423.319593,3177.388879,2875.842686,0,2339.754886,2602.582243,2618.819121,2716.749256,2660.915796,2504.812826,2669.711135,2699.763224,2785.06443,2716.342739,1849.702278,2468.837894,1996.322566,2344.111112,1975.214699,1861.492359,4575.00298,3118.346848,3163.064162,3254.131309,0,2882.538549,3101.759232,2770.414189,2716.327256,2565.512796,2638.444578,2414.079418,2671.862963,3102.922148,3904.403371,2772.284875,3299.884149,3059.714738
"3NAP:A_TrV_Dicistroviridae",2576.684713,2864.162953,3391.61855,3636.861819,3048.467715,3155.044573,2513.388706,2133.02942,2533.407328,2417.790438,2136.916916,2686.923765,2439.568543,2732.378281,2356.30966,2000.209375,2478.566881,0,2193.321766,2977.811619,2356.6961,2747.707892,0,2362.050124,2763.018663,2836.019246,2304.157049,2842.041084,2626.188884,2933.24692,2464.425263,2394.434149,2378.004875,2240.372556,2596.938469,2457.764184,3009.654631,2575.961877,2726.286097,2654.403201,2530.447369,3058.777214,2307.871986,3112.233522,2803.293159,1970.519248,2557.880867,2402.750743,2699.168213,2564.155114,2477.582361,2329.064766,2492.358281,2475.169249,2618.089473,2505.269752,1922.671133,2320.945359,2151.335966,2385.148167,2211.900164,1997.823021,3118.207314,4782.035894,3247.996623,3170.710764,1844.021545,2645.253724,3193.793711,2568.369199,2574.248463,2393.98864,2387.028515,2624.314471,2446.004473,3168.536792,3080.903793,2813.139273,3237.03118,3465.735027
"3NXD:C_JCV_Polyomaviridae",2721.64574,2842.589761,3254.30148,3217.274354,2879.74904,3290.406255,2481.24407,2170.69129,2482.946195,2471.889865,2092.991463,2775.036621,2552.638753,2716.683229,2364.133634,2057.060883,2442.641178,0,2216.933474,2882.365763,2345.299682,2834.24383,0,2335.833059,2847.391,2826.594919,2322.60806,3540.4648,2650.446578,3915.294841,2574.53261,2350.171254,2541.690282,2322.255334,2596.25429,2433.930112,2953.651231,2480.473178,2801.67749,2704.315874,2595.099882,3111.643176,2310.646428,3353.60227,2842.875548,2007.413282,2631.192755,2489.092499,2888.914354,2632.216884,2520.800966,2333.351626,2519.218743,2499.100706,2528.033561,2604.283055,1935.006321,2285.288766,2278.33342,2516.905851,2213.041504,2134.832393,3163.476065,3248.659914,4741.463906,3191.38861,1928.422718,2624.420287,3209.528874,2534.342633,2643.171704,2431.381647,2438.657815,2608.527863,2500.217173,3261.517979,3178.82546,2875.407675,3364.296958,3269.322296
"3R0R:A_PCV2_Circoviridae",2911.949239,3294.520367,3070.260327,3231.846132,3182.65856,3094.534455,2413.361204,0,2288.825763,2681.749261,1880.809969,2916.737974,2717.467343,2997.596006,2658.484524,0,2179.227797,0,2464.141551,2710.813991,2640.985941,2987.442855,0,2162.523942,3016.115007,3208.072846,2093.609024,2630.99944,2943.75193,2718.94817,2730.739061,2603.490678,2219.963771,2535.216624,2824.371211,2678.407004,2774.97088,2258.59543,3054.264716,2951.067237,2783.111459,3357.644617,2548.579313,3024.430002,3063.588035,0,2263.841612,2694.817391,2598.510402,2793.87469,2767.086187,2600.746559,2690.754388,2733.337208,2762.798064,2843.34324,0,2522.142521,1963.350122,2225.188363,1934.307013,0,3253.755352,3170.594141,3190.715835,4412.304326,0,2876.656741,3027.663994,2886.840789,2886.512941,2646.257624,2689.575054,2455.284066,2701.007925,3216.868573,3242.274278,2628.615913,3656.87949,3139.488273
"3S6P:A_HASV_Alphatetraviridae",0,0,2043.045267,1851.724859,0,1871.008641,2902.978946,3371.36249,2758.019351,0,3754.363435,0,0,0,0,3324.229057,2707.58565,3702.796612,0,2645.969041,0,0,5167.019135,3102.47821,0,0,3129.592985,2779.661671,0,2642.603682,0,0,3277.413262,0,0,0,2945.884589,2767.172363,0,0,0,0,0,1885.21034,0,4762.195207,2874.202896,0,2889.414663,0,0,0,0,0,0,0,3495.636295,0,3266.771157,3221.01868,3269.716127,3615.526001,0,1844.285095,1928.189563,0,6958.742143,0,2182.249843,0,0,0,0,2930.735048,0,1921.33934,0,2393.367781,1898.871598,1847.626421
"3URF:A_TNF_H.sapiens",3230.364021,3111.646432,2571.588095,2655.402147,2890.864617,2643.721578,0,0,0,3068.474117,0,3060.171226,3240.097495,3083.384671,2961.78876,0,0,0,2809.340515,2241.995825,2879.331154,3142.117996,0,0,3206.502407,3117.047201,0,2062.108953,3119.41015,2207.416729,3208.134358,2942.042515,0,2888.49937,3206.567666,3017.193106,2170.650127,0,2967.169476,3138.568568,3185.055788,2860.830037,2862.821087,2623.003181,3347.227946,0,0,2996.530028,2065.970327,3360.78853,3002.603251,2889.012911,3121.88154,3138.936547,3134.753814,3066.328005,0,2889.718571,0,0,0,0,2882.472631,2645.37494,2624.406859,2876.926563,0,3981.647438,2558.286649,3169.50329,3009.269464,2990.012485,3044.590355,1841.366799,3180.388945,2707.217478,2897.436217,2301.777445,2823.355742,2640.687942
"3ZMN:A_P23-77_Sphaerolipoviridae",2648.809528,2749.549407,3315.52598,3089.033366,2765.308312,3220.379792,2503.97747,2366.553466,2563.763531,2334.054259,2240.360719,2700.918215,2420.489249,2765.720352,2335.438946,2062.43468,2494.8292,0,2127.599515,3219.29849,2345.546067,2693.948816,0,2389.392184,2731.445527,2727.28934,2375.362542,2996.71666,2541.184688,3142.282914,2453.191276,2311.276646,2840.589576,2184.547096,2520.389679,2504.94196,3145.402631,2617.25179,2804.162966,2684.157623,2544.147578,3133.654245,2232.00811,3320.329847,2762.24097,2112.592612,2701.848106,2411.255293,2966.736077,2522.169547,2406.621955,2290.659632,2405.256796,2436.672175,2444.188127,2466.026595,1988.988255,2188.882438,2211.556177,2771.143695,2351.907235,2198.588177,3102.28119,3194.677413,3209.897336,3028.380165,2182.62704,2558.464902,4969.153247,2569.818485,2573.192216,2410.200889,2384.472395,2632.748564,2432.647538,3243.666848,3093.284729,2999.685625,3160.071399,3175.190646
"3ZMO:A_P23-77_Sphaerolipoviridae",2969.939742,3110.460219,2587.479023,2746.281336,2928.953945,2654.769993,0,0,0,2893.106404,0,3017.994579,2974.676528,3172.2243,2838.51311,0,0,0,2788.182843,2229.706626,2741.636424,3025.644238,0,0,3065.886147,3080.051722,0,1961.523313,3001.874387,2082.181705,2956.361573,2808.143617,0,2813.31884,3143.525421,2933.877147,2134.914788,0,3008.061251,3013.85755,3038.832337,2925.150063,2749.890184,2568.078964,3003.879913,0,0,2868.633865,2033.578978,3016.173835,2864.285695,2800.988375,2961.174358,2976.661776,3024.074908,2937.439604,0,2764.178562,0,0,0,0,2769.850458,2568.413449,2534.240704,2886.93167,0,3169.471977,2569.542087,4137.10115,2906.760891,2842.217185,2897.029101,0,2974.931,2783.619272,2818.188915,2244.394397,2724.78749,2647.634173
"4A42:A_CBM32_C.perfringens",3181.648126,3027.469411,2559.899537,2647.513826,2850.193959,2505.810301,0,0,0,3078.357217,0,3022.333605,3075.932028,2885.28201,3092.762093,0,0,0,2870.700972,2171.239439,3201.570143,2914.694098,0,0,3030.760498,3057.973215,0,2005.322745,3253.886997,2117.939279,3148.011791,3053.32526,0,2997.415051,2977.705514,2874.286457,2159.310496,0,2888.104123,3307.542727,3094.026342,2769.858733,2991.744564,2504.790009,3129.274656,0,0,3124.39357,1959.170236,3115.054023,3307.414165,3078.513598,3072.564706,3094.451917,3054.171901,3226.785514,0,2966.437208,0,0,0,0,2716.2455,2574.361134,2643.049908,2886.730134,0,3009.11173,2573.015946,2906.706196,3910.076247,3137.501513,3073.739383,0,3113.506329,2638.653294,2693.756532,2063.438422,2735.886635,2615.883902
"4CRR:A_CBM6_Z.galactanivorans[5FUI:A]",3094.763448,2816.588362,2340.954608,2454.028037,2674.186863,2356.378886,0,0,0,3355.796444,0,2933.284112,3127.878639,2873.272663,3169.892387,0,0,0,2995.725419,1935.774927,3178.652537,2855.668949,0,0,2960.260099,2830.131793,0,0,3049.094027,1955.459528,3193.52758,3156.587395,0,3088.231803,2958.409768,2896.201712,1919.245529,0,2798.052261,3240.83578,3123.514804,2621.026307,3107.622534,2421.32751,2905.512019,0,0,3204.330847,0,3072.216011,3183.482172,3179.985651,3193.558077,3290.842377,2996.172354,3191.398165,0,3055.357321,0,0,0,0,2565.682931,2394.384331,2431.463496,2646.7344,0,2990.156055,2410.217186,2842.433509,3137.563624,3789.369419,3150.588434,0,3167.03094,2444.206819,2586.895842,1949.204537,2538.436125,2454.064238
"4D3L:A_CBM77_R.flavefaciens",3028.646965,2879.569753,2353.662638,2475.283103,2765.654019,2463.491444,0,0,0,3151.770404,0,3020.916717,3067.271174,2920.736829,3075.002864,0,0,0,2963.861825,1967.927383,3025.212019,2905.782008,0,0,2932.158766,2918.059439,0,1841.28001,3070.061385,1947.632597,3106.352696,3099.825098,0,3047.048144,3044.7381,2867.039343,1927.570865,0,2800.924778,3049.684723,3102.000278,2668.274173,3011.580385,2390.425332,2883.520932,0,0,3124.513394,0,3066.958867,3095.375033,3031.632029,3116.847745,3109.490264,3025.122306,3135.389877,0,3054.246977,0,0,0,0,2638.504545,2387.33662,2438.728006,2689.950329,0,3044.64428,2384.448164,2897.201403,3073.83465,3150.570369,3865.577808,0,3128.034446,2524.169699,2626.24975,2023.509977,2552.495531,2468.894116
"4MGU:A_AdDNV_Parvoviridae",0,2149.7982,2737.066346,2644.292492,2220.308416,2543.312562,4408.17123,3166.808154,3386.414344,0,3112.301377,0,0,1883.485804,0,3333.231234,3414.170203,3026.382784,0,3009.843313,0,2003.300529,2495.426006,3238.084112,1988.880199,2083.129461,3161.496843,3363.369593,0,3235.845907,0,0,3408.805173,0,0,0,3120.781203,3452.782021,1886.407195,0,0,2373.093064,0,2591.067074,2032.249691,3075.318978,3445.948473,0,3275.034383,0,0,0,0,0,0,0,2931.187852,0,3248.263001,3454.286449,3257.374224,3173.987926,2413.963268,2624.378192,2608.926969,2456.007342,2930.037965,1841.069436,2632.162229,0,0,0,0,5882.913321,0,2480.210729,2431.459668,3047.036151,2646.34379,2589.823813
"4OUS:A_Caprin_D.rerio",3107.341484,2932.174268,2364.857507,2468.63394,2747.035975,2482.824526,0,0,0,3192.809363,0,2961.055365,3216.984821,2927.820213,3093.64742,0,0,0,2964.608735,2028.503929,3031.531173,3006.040775,0,0,3041.472526,2962.50538,0,1868.126225,3124.867253,2004.700531,3285.797243,3066.614273,0,3007.59178,3074.585246,2930.829939,1953.46054,0,2796.663767,3125.533905,3180.86606,2719.82385,3003.353512,2549.086538,2955.363967,0,0,3132.384668,1882.721962,3094.979865,3119.802397,3018.717815,3265.077624,3265.429655,3120.146293,3130.882028,0,3022.492057,0,0,0,0,2671.980181,2444.965506,2500.361094,2701.412314,0,3180.498213,2432.713334,2975.099075,3113.676166,3167.080262,3128.109847,0,3853.515886,2554.961255,2728.780379,2088.668982,2551.776823,2509.972779
"4SBV:C_SBMV_Sobemoviridae",2718.601002,3204.874855,3332.118474,3277.788091,3008.548311,3899.174361,2463.637549,1955.013232,2428.682895,2481.401838,1876.272411,2760.141919,2531.621545,2995.173061,2466.342435,1940.195428,2351.141956,0,2228.903087,2954.775953,2425.661683,2892.144049,0,2159.062845,2916.389264,3144.282878,2205.812036,2698.350744,2778.897393,2801.862123,2585.126344,2448.667665,2410.249938,2359.184721,2738.962905,2526.779164,2900.484838,2411.231678,2991.130313,2733.27387,2634.719127,3746.012829,2391.229415,3112.604991,2874.841281,1986.261059,2353.07037,2492.713333,2993.466917,2690.817839,2522.156106,2410.907398,2527.137118,2529.185504,2565.508473,2595.955997,1974.68733,2359.655308,2082.611259,2386.988388,2045.065842,2062.968679,3103.092318,3168.966538,3261.351682,3217.27213,1930.464683,2707.171549,3243.205011,2783.608683,2638.620335,2443.992128,2524.028403,2481.551584,2554.775464,4766.180666,3139.84693,2806.145318,3422.562483,3193.351261
"4WV8:A_Lectin_V.macrocarpa",2770.01525,2966.848468,3031.133229,3169.984992,3009.125463,3077.449167,2339.43095,1944.714507,2287.884004,2677.129832,1845.979109,2919.111226,2684.523839,2905.266507,2613.308125,0,2237.707081,0,2431.2636,2640.892736,2497.227786,2989.856747,0,2124.774371,2999.995382,3008.383589,2088.514607,2648.581867,2816.148227,2744.104987,2665.374709,2544.719649,2370.966382,2509.66976,2855.506829,2613.304207,2654.206059,2345.896691,2943.831525,2753.417262,2789.795376,3262.186628,2414.08843,3133.124723,2866.585526,0,2378.211057,2610.303998,2609.438365,2791.055216,2672.73154,2576.388434,2720.366569,2707.347363,2782.82228,2750.741862,1884.830449,2447.46851,2024.605379,2350.513729,1995.75765,0,3904.362472,3081.044678,3178.48589,3242.676488,0,2895.196367,3092.907913,2818.346737,2693.845064,2586.700926,2626.128778,2431.719983,2728.627211,3139.735003,4561.329608,2786.675569,3309.208495,3074.345932
"5IBV:A_HAstV_Astroviridae",2219.503306,2402.783526,2960.976392,2832.131678,2553.603055,2922.541827,3076.368116,2735.679433,2951.412903,2017.243878,2675.90091,2381.653535,2129.526457,2415.663526,1897.754524,2722.477125,2899.299058,2232.39609,0,3327.463874,0,2455.350746,2138.890891,2715.07849,2472.060443,2350.799286,2655.182558,3238.08381,2117.234063,3346.019959,2124.109326,1932.190829,3144.542408,1844.165142,2254.274128,2251.29401,3289.937061,2953.10388,2271.448772,2135.14428,2165.824827,2645.621594,0,2997.943142,2252.226503,2469.91688,2968.146486,2014.229227,3172.280507,2175.841696,2009.353686,1849.905304,2183.370436,2117.717632,2253.739398,2029.039886,2561.724809,1849.137916,3358.130364,3066.966882,2803.828617,2621.879993,2772.555108,2813.836508,2875.467398,2628.880989,2393.830183,2301.812357,2999.646837,2244.299976,2063.402716,1948.79847,2023.410917,3047.608218,2088.532691,2806.391534,2786.915345,5446.510356,2852.984754,2885.966579
"5J09:A_BFDV_Circoviridae",2834.048797,3054.558458,3235.754637,3373.776675,3059.002539,3311.173427,2525.591359,2049.772379,2499.685569,2557.103004,2043.644406,2835.647543,2643.519195,2857.184106,2515.239471,2054.727742,2426.402709,0,2340.344177,2868.492645,2472.723511,2933.558603,0,2294.5692,2913.625942,3009.660039,2235.306972,2858.004322,2820.932923,2967.274523,2625.323621,2506.151382,2473.84299,2389.189947,2704.449188,2510.431477,2981.28612,2473.148986,2944.200692,2788.472228,2681.016644,3400.149133,2382.513043,3203.796692,2867.82013,1994.644961,2450.492542,2569.39318,2819.448752,2714.988288,2602.468387,2463.419525,2552.87708,2581.266965,2626.697764,2690.854735,1951.523176,2386.823024,2233.283035,2496.581237,2100.051203,2081.737549,3299.969667,3237.16814,3363.861024,3657.097676,1898.654923,2823.132384,3159.460979,2724.728927,2735.750038,2538.0455,2552.148547,2646.456644,2551.375211,3422.427226,3309.200958,2852.565992,4645.45505,3265.684918
"5J98:A_SBPV_Iflaviridae",2695.119797,2917.613306,3509.048739,3545.733126,3196.395837,3197.737749,2536.52587,2090.601263,2504.665171,2464.61583,2020.753708,2747.602049,2560.509735,2841.948133,2469.820902,2041.171016,2498.340425,0,2268.434272,2946.47459,2396.173599,2827.438675,0,2391.062206,2868.509817,2941.940807,2231.148136,2744.331211,2707.807002,2882.442801,2537.194262,2401.4122,2409.689641,2355.703969,2617.490237,2490.595089,2942.734778,2481.122781,2795.254583,2732.661109,2663.648974,3123.170196,2326.444515,3129.97114,2894.359369,1984.69084,2446.651201,2470.155351,2710.109797,2705.046516,2508.387982,2445.129415,2593.214666,2565.273444,2654.580592,2538.22441,2023.90096,2324.021243,2147.251486,2386.035417,2146.061647,2060.412103,3059.821,3465.904389,3269.385373,3139.864738,1847.673052,2640.49916,3174.721942,2647.648211,2615.736228,2453.778594,2468.603833,2590.168417,2509.616669,3193.295265,3074.380592,2885.578182,3265.874054,4785.405261
